{"cameraMode":{"drawMode":0,"name":"Shaded","section":"Shading Mode"},"sceneLighting":false,"audioPlay":false,"sceneViewState":{"showFog":true,"showMaterialUpdate":false,"showSkybox":false,"showFlares":true,"showImageEffects":true,"showParticleSystems":true},"in2DMode":false,"pivot":{"x":0.0002619790902826935,"y":0.04394647106528282,"z":0.01525088306516409},"rotation":{"x":-0.029684776440262796,"y":-0.940068781375885,"z":0.08483564108610153,"w":-0.32894763350486758},"size":10.272418022155762,"orthographic":false}